{
  "project_info": {
    "project_number": "103293991030",
    "firebase_url": "https://esp-control-c7a87-default-rtdb.asia-southeast1.firebasedatabase.app",
    "project_id": "esp-control-c7a87",
    "storage_bucket": "esp-control-c7a87.firebasestorage.app"
  },
  "client": [
    {
      "client_info": {
        "mobilesdk_app_id": "1:103293991030:android:1812e309ccbd2c29054757",
        "android_client_info": {
          "package_name": "com.espcontrol"
        }
      },
      "oauth_client": [],
      "api_key": [
        {
          "current_key": "AIzaSyBYrpjF9zco14Hjw5o8JscCbf6gyjXAcvo"
        }
      ],
      "services": {
        "appinvite_service": {
          "other_platform_oauth_client": []
        }
      }
    }
  ],
  "configuration_version": "1"
}